birthCity,birthState,birthYear,lat,long
Ada,OK,1982,34.768432,-96.669108
Ada,OK,1982,34.768432,-96.669108
Adel,GA,1992,31.131571,-83.425405
Agoura Hills,CA,1986,34.148942,-118.763930
Akron,OH,1986,41.080456,-81.521429
Alameda,CA,1981,37.741911,-122.259914
Albany,NY,1987,42.665745,-73.798353
Albuquerque,NM,1990,35.105552,-106.647388
Albuquerque,NM,1986,35.105552,-106.647388
Albuquerque,NM,1986,35.105552,-106.647388
Albuquerque,NM,1986,35.105552,-106.647388
Alexander City,AL,1990,,
Alexandria,LA,1983,31.293449,-92.470189
Alexandria,VA,1987,38.820071,-77.084063
Algona,IA,1982,43.073979,-94.229926
Allentown,PA,1983,40.593648,-75.478393
Alpharetta,GA,1984,34.070648,-84.275907
Altamonte Springs,FL,1989,28.661022,-81.394681
Altamonte Springs,FL,1982,28.661022,-81.394681
Amarillo,TX,1988,35.197839,-101.828746
American Fork,UT,1986,40.381540,-111.793481
Amherst,OH,1990,41.405329,-82.231725
Amory,MS,1985,33.981846,-88.482607
Anaconda,MT,1982,,
Anaheim,CA,1987,33.855497,-117.760071
Anaheim,CA,1984,33.855497,-117.760071
Anaheim,CA,1988,33.855497,-117.760071
Anaheim,CA,1992,33.855497,-117.760071
Anaheim,CA,1981,33.855497,-117.760071
Anaheim,CA,1988,33.855497,-117.760071
Anaheim,CA,1986,33.855497,-117.760071
Anaheim,CA,1989,33.855497,-117.760071
Anaheim,CA,1987,33.855497,-117.760071
Anaheim,CA,1987,33.855497,-117.760071
Anchorage,AK,1986,61.174250,-149.284329
Anchorage,AK,1986,61.174250,-149.284329
Anderson,IN,1983,40.089233,-85.695119
Andover,MN,1991,45.252420,-93.337402
Ann Arbor,MI,1988,42.275686,-83.731449
Annapolis,MD,1983,38.972164,-76.505445
Annapolis,MD,1980,38.972164,-76.505445
Antigo,WI,1984,45.141269,-89.155225
Apple Valley,CA,1981,34.533376,-117.210358
Apple Valley,CA,1983,34.533376,-117.210358
Arcadia,CA,1988,34.132689,-118.036347
Arlington,TX,1987,32.700708,-97.124691
Arlington,TX,1987,32.700708,-97.124691
Arlington,TX,1990,32.700708,-97.124691
Arlington,TX,1986,32.700708,-97.124691
Arlington,TX,1985,32.700708,-97.124691
Arlington,TX,1988,32.700708,-97.124691
Artesia,CA,1985,33.867593,-118.080635
Asheville,NC,1987,35.570977,-82.552738
Astoria,OR,1982,46.187368,-123.814971
Athens,GA,1985,,
Athens,GA,1989,,
Athens,GA,1984,,
Atlanta,GA,1990,33.762909,-84.422675
Atlanta,GA,1983,33.762909,-84.422675
Atlanta,GA,1984,33.762909,-84.422675
Atlanta,GA,1986,33.762909,-84.422675
Atlanta,GA,1981,33.762909,-84.422675
Atlanta,GA,1989,33.762909,-84.422675
Atlanta,GA,1989,33.762909,-84.422675
Atlanta,GA,1980,33.762909,-84.422675
Atlanta,GA,1981,33.762909,-84.422675
Atlanta,GA,1986,33.762909,-84.422675
Atlanta,GA,1984,33.762909,-84.422675
Atlanta,GA,1985,33.762909,-84.422675
Atlanta,GA,1984,33.762909,-84.422675
Atlanta,GA,1983,33.762909,-84.422675
Atlanta,GA,1981,33.762909,-84.422675
Atlanta,GA,1988,33.762909,-84.422675
Atlanta,GA,1985,33.762909,-84.422675
Atlanta,TX,1984,33.113238,-94.167610
Auburn,AL,1985,32.607722,-85.489545
Auburn,CA,1984,38.895075,-121.076739
Auburndale,FL,1991,28.100451,-81.791484
Auburndale,WI,1986,44.626751,-90.014292
Augusta,GA,1984,,
Augusta,GA,1985,,
Augusta,GA,1988,,
Augusta,GA,1982,,
Aurora,CO,1992,39.688002,-104.689740
Austin,TX,1980,30.304896,-97.753831
Austin,TX,1983,30.304896,-97.753831
Austin,TX,1985,30.304896,-97.753831
Austin,TX,1986,30.304896,-97.753831
Austin,TX,1987,30.304896,-97.753831
Austin,TX,1985,30.304896,-97.753831
Austin,TX,1982,30.304896,-97.753831
Austin,TX,1982,30.304896,-97.753831
Austin,TX,1990,30.304896,-97.753831
Austin,TX,1982,30.304896,-97.753831
Austin,TX,1982,30.304896,-97.753831
Austin,TX,1983,30.304896,-97.753831
Austin,TX,1989,30.304896,-97.753831
Austin,TX,1985,30.304896,-97.753831
Bakersfield,CA,1980,35.353547,-119.034875
Bakersfield,CA,1981,35.353547,-119.034875
Bakersfield,CA,1987,35.353547,-119.034875
Bakersfield,CA,1987,35.353547,-119.034875
Baltimore,MD,1982,39.300032,-76.610476
Baltimore,MD,1986,39.300032,-76.610476
Baltimore,MD,1984,39.300032,-76.610476
Baltimore,MD,1987,39.300032,-76.610476
Baltimore,MD,1982,39.300032,-76.610476
Bamberg,SC,1992,33.300136,-81.031222
Bamberg,SC,1990,33.300136,-81.031222
Barberton,OH,1983,41.006903,-81.604390
Barstow,CA,1992,34.866788,-117.043006
Baton Rouge,LA,1980,30.448458,-91.125901
Baton Rouge,LA,1993,30.448458,-91.125901
Baton Rouge,LA,1980,30.448458,-91.125901
Baxley,GA,1993,31.764743,-82.351753
Bayonne,NJ,1984,40.662338,-74.110275
Beaumont,TX,1987,30.084913,-94.145310
Beaver,PA,1981,40.693538,-80.307582
Beaver Falls,PA,1984,40.759401,-80.322551
Bedford,TX,1981,32.845838,-97.135076
Bedford,TX,1992,32.845838,-97.135076
Beech Grove,IN,1980,39.715342,-86.086962
Belle Fourche,SD,1982,44.663887,-103.859394
Belleville,IL,1980,38.515068,-89.986228
Belleville,IL,1980,38.515068,-89.986228
Belleville,IL,1982,38.515068,-89.986228
Bellevue,WA,1991,47.597839,-122.156489
Bellevue,WA,1987,47.597839,-122.156489
Bellevue,WA,1982,47.597839,-122.156489
Bellevue,WA,1985,47.597839,-122.156489
Bellevue,WA,1984,47.597839,-122.156489
Bellevue,WA,1983,47.597839,-122.156489
Bellevue,WA,1986,47.597839,-122.156489
Bellflower,CA,1987,33.887821,-118.127250
Bellflower,CA,1982,33.887821,-118.127250
Bellflower,CA,1986,33.887821,-118.127250
Bellingham,WA,1982,48.752620,-122.469657
Bennettsville,SC,1990,34.628218,-79.685958
Berkeley,CA,1988,37.866972,-122.299147
Berkeley,CA,1987,37.866972,-122.299147
Berkeley,CA,1993,37.866972,-122.299147
Berkeley,CA,1987,37.866972,-122.299147
Berkeley,CA,1983,37.866972,-122.299147
Berwick,PA,1986,41.054990,-76.251010
Bethlehem,PA,1985,40.626424,-75.367898
Beverly,MA,1990,42.557088,-70.843066
Biloxi,MS,1993,30.432423,-88.947734
Birmingham,AL,1986,33.527444,-86.799047
Birmingham,AL,1983,33.527444,-86.799047
Birmingham,AL,1986,33.527444,-86.799047
Birmingham,AL,1985,33.527444,-86.799047
Birmingham,AL,1989,33.527444,-86.799047
Birmingham,AL,1987,33.527444,-86.799047
Birmingham,AL,1985,33.527444,-86.799047
Blue Island,IL,1981,41.657570,-87.681126
Boise,ID,1986,43.599335,-116.229817
Boise,ID,1988,43.599335,-116.229817
Boston,MA,1987,42.331960,-71.020173
Boston,MA,1982,42.331960,-71.020173
Boston,MA,1989,42.331960,-71.020173
Boston,MA,1988,42.331960,-71.020173
Boston,MA,1985,42.331960,-71.020173
Boston,MA,1980,42.331960,-71.020173
Bowling Green,KY,1980,36.970919,-86.438462
Bowling Green,KY,1989,36.970919,-86.438462
Bowling Green,KY,1982,36.970919,-86.438462
Boynton Beach,FL,1993,26.528327,-80.080734
Bradenton,FL,1985,27.490921,-82.574862
Bradenton,FL,1991,27.490921,-82.574862
Bradenton,FL,1989,27.490921,-82.574862
Bradenton,FL,1985,27.490921,-82.574862
Brandon,MS,1987,32.278093,-89.990686
Brattleboro,VT,1980,42.858872,-72.562059
Brawley,CA,1983,32.978702,-115.529914
Breese,IL,1990,38.613802,-89.523713
Breese,IL,1986,38.613802,-89.523713
Brenham,TX,1987,30.158160,-96.395616
Brentwood,TN,1991,35.993029,-86.774310
Bristol,CT,1980,41.681578,-72.940749
Bristol,TN,1981,36.558549,-82.217001
Bristol,TN,1988,36.558549,-82.217001
Britton,MI,1985,41.987647,-83.830514
Brockport,NY,1985,43.213297,-77.940824
Bronx,NY,1992,,
Bronx,NY,1986,,
Bronx,NY,1986,,
Brooklyn,NY,1988,,
Brooklyn,NY,1985,,
Browns Summit,NC,1985,,
Brunswick,GA,1984,31.136149,-81.466936
Brunswick,GA,1981,31.136149,-81.466936
Brunswick,ME,1986,43.885835,-69.986266
Bryan,OH,1985,41.471479,-84.548731
Bryan,OH,1992,41.471479,-84.548731
Bryan,TX,1983,30.666518,-96.367649
Bryan,TX,1986,30.666518,-96.367649
Buckeye,AZ,1987,33.432902,-112.648180
Buffalo,NY,1987,42.892492,-78.859686
Buffalo,NY,1989,42.892492,-78.859686
Bullard,TX,1991,32.148717,-95.321804
Burbank,CA,1987,34.190079,-118.326405
Burbank,CA,1987,37.321073,-121.930457
Burbank,CA,1986,34.190079,-118.326405
Burbank,CA,1986,37.321073,-121.930457
Burlingame,CA,1983,37.589952,-122.363342
Butler,KY,1986,38.787476,-84.371242
Butler,PA,1980,40.861554,-79.896170
Camarillo,CA,1987,34.221983,-119.033072
Camden,SC,1986,34.255699,-80.608742
Canton,OH,1981,40.808552,-81.367116
Cape Coral,FL,1991,26.643192,-81.997364
Cape Girardeau,MO,1981,37.308664,-89.559239
Cape Girardeau,MO,1990,37.308664,-89.559239
Cape May,NJ,1989,38.941558,-74.900483
Carlisle,PA,1982,40.199993,-77.204145
Carmichael,CA,1982,38.634876,-121.324219
Carrollton,TX,1989,32.988360,-96.899770
Carson City,NV,1981,,
Cascade,IA,1990,42.301921,-91.004582
Castro Valley,CA,1987,37.709748,-122.062347
Cedar City,UT,1983,,
Cedar Rapids,IA,1990,41.967048,-91.677760
Cedar Rapids,IA,1985,41.967048,-91.677760
Centennial,CO,1991,39.590568,-104.869118
Centralia,IL,1983,38.522073,-89.123541
Centralia,WA,1983,46.723086,-122.969619
Centreville,IL,1980,38.569235,-90.122284
Chalmette,LA,1983,29.944015,-89.966005
Channelview,TX,1985,29.793023,-95.114482
Chapel Hill,TN,1987,35.628728,-86.694932
Chardon,OH,1981,41.579289,-81.209060
Charleston,SC,1988,32.817930,-79.958960
Charleston,SC,1981,32.817930,-79.958960
Charleston,SC,1991,32.817930,-79.958960
Charlotte,NC,1989,35.208707,-80.830739
Charlotte,NC,1990,35.208707,-80.830739
Charlotte,NC,1994,35.208707,-80.830739
Charlotte,NC,1987,35.208707,-80.830739
Charlotte,NC,1980,35.208707,-80.830739
Charlotte,NC,1991,35.208707,-80.830739
Chattanooga,TN,1980,35.064185,-85.248807
Chattanooga,TN,1986,35.064185,-85.248807
Chattanooga,TN,1987,35.064185,-85.248807
Chattanooga,TN,1981,35.064185,-85.248807
Chattanooga,TN,1981,35.064185,-85.248807
Chesapeake,VA,1991,36.679376,-76.301788
Chesapeake,VA,1989,36.679376,-76.301788
Chesterfield,MO,1986,38.657771,-90.580950
Cheverly,MD,1985,38.925931,-76.913468
Cheyenne,WY,1985,41.143657,-104.792833
Cheyenne,WY,1989,41.143657,-104.792833
Chicago,IL,1988,41.837551,-87.681844
Chicago,IL,1984,41.837551,-87.681844
Chicago,IL,1988,41.837551,-87.681844
Chicago,IL,1983,41.837551,-87.681844
Chicago,IL,1985,41.837551,-87.681844
Chickasha,OK,1990,35.040543,-97.947173
Chickasha,OK,1981,35.040543,-97.947173
Chico,CA,1982,39.755405,-121.818390
Childersburg,AL,1987,33.291877,-86.340599
Christiana,DE,1989,,
Chula Vista,CA,1980,32.627670,-117.015170
Chula Vista,CA,1983,32.627670,-117.015170
Chula Vista,CA,1984,32.627670,-117.015170
Cincinnati,OH,1985,39.140183,-84.505829
Cincinnati,OH,1990,39.140183,-84.505829
Cincinnati,OH,1987,39.140183,-84.505829
Cincinnati,OH,1987,39.140183,-84.505829
Cincinnati,OH,1984,39.140183,-84.505829
Cincinnati,OH,1990,39.140183,-84.505829
Cincinnati,OH,1986,39.140183,-84.505829
Cincinnati,OH,1984,39.140183,-84.505829
Cincinnati,OH,1987,39.140183,-84.505829
Clackamas,OR,1988,,
Clarks Summit,PA,1991,41.490237,-75.706509
Clay,NY,1989,,
Clearwater,FL,1980,27.980289,-82.768166
Clearwater,FL,1986,27.980289,-82.768166
Cleburne,TX,1986,32.359498,-97.417042
Clermont,FL,1988,28.558302,-81.764779
Cleveland,OH,1989,41.478462,-81.679435
Cleveland,OH,1985,41.478462,-81.679435
Cleveland,OH,1982,41.478462,-81.679435
Clifton,TX,1983,31.782037,-97.581879
Clifton,TX,1980,31.782037,-97.581879
Clinton,NC,1988,35.000430,-78.331540
Clovis,CA,1987,36.828955,-119.686594
Coatesville,PA,1988,39.985152,-75.819000
Coffee,AL,1981,,
Collegeville,PA,1990,40.186865,-75.457519
Collierville,TN,1988,35.048918,-89.697078
Collins,MS,1990,31.648272,-89.567581
Columbia,MO,1981,38.947290,-92.326387
Columbia,MO,1987,38.947290,-92.326387
Columbia,SC,1988,34.029783,-80.896566
Columbus,GA,1980,32.510197,-84.874946
Columbus,GA,1981,32.510197,-84.874946
Columbus,GA,1986,32.510197,-84.874946
Columbus,GA,1987,32.510197,-84.874946
Columbus,GA,1983,32.510197,-84.874946
Columbus,MS,1984,33.507964,-88.413552
Columbus,OH,1985,39.983938,-82.984882
Columbus,OH,1982,39.983938,-82.984882
Columbus,OH,1985,39.983938,-82.984882
Columbus,OH,1989,39.983938,-82.984882
Columbus,OH,1984,39.983938,-82.984882
Columbus,OH,1980,39.983938,-82.984882
Commerce,GA,1990,34.214298,-83.475713
Conroe,TX,1986,30.319973,-95.470128
Conroe,TX,1986,30.319973,-95.470128
Conroe,TX,1984,30.319973,-95.470128
Conyers,GA,1991,33.657219,-83.983484
Coral Springs,FL,1988,26.270722,-80.259301
Corona,CA,1982,33.862352,-117.563857
Corona,CA,1989,33.862352,-117.563857
Corpus Christi,TX,1983,27.754252,-97.173385
Corpus Christi,TX,1984,27.754252,-97.173385
Corpus Christi,TX,1986,27.754252,-97.173385
Corvallis,OR,1983,44.569949,-123.278285
Covington,KY,1984,39.035110,-84.519648
Covington,KY,1984,39.035110,-84.519648
Crosby,TX,1984,29.915154,-95.057681
Crossville,TN,1988,35.951539,-85.030587
Cumberland,MD,1985,39.650563,-78.758217
Cypress,CA,1987,33.818477,-118.038307
Dallas,TX,1983,32.793333,-96.766513
Dallas,TX,1986,32.793333,-96.766513
Dallas,TX,1984,32.793333,-96.766513
Dallas,TX,1988,32.793333,-96.766513
Dallas,TX,1981,32.793333,-96.766513
Dallas,TX,1986,32.793333,-96.766513
Dallas,TX,1983,32.793333,-96.766513
Dallas,TX,1987,32.793333,-96.766513
Dallas,TX,1982,32.793333,-96.766513
Dallas,TX,1988,32.793333,-96.766513
Dallas,TX,1987,32.793333,-96.766513
Dallas,TX,1982,32.793333,-96.766513
Dallas,TX,1980,32.793333,-96.766513
Dallas,TX,1984,32.793333,-96.766513
Dallas,TX,1988,32.793333,-96.766513
Dallas,TX,1982,32.793333,-96.766513
Dallas,TX,1988,32.793333,-96.766513
Dallas,TX,1985,32.793333,-96.766513
Dallas,TX,1983,32.793333,-96.766513
Dallas,TX,1989,32.793333,-96.766513
Dallas,TX,1983,32.793333,-96.766513
Dallas,TX,1983,32.793333,-96.766513
Dallas,TX,1988,32.793333,-96.766513
Dalton,GA,1984,34.769222,-84.970420
Danbury,CT,1990,41.398741,-73.478103
Davenport,IA,1982,41.554104,-90.603997
Davie,FL,1992,26.079142,-80.285028
Dayton,OH,1981,39.777394,-84.199632
DeLand,FL,1988,29.022505,-81.286488
Dearborn,MI,1987,42.313057,-83.211488
Deberry,TX,1989,,
Decatur,GA,1983,33.771455,-84.297857
Decatur,GA,1983,33.771455,-84.297857
Decatur,GA,1988,33.771455,-84.297857
Decatur,GA,1983,33.771455,-84.297857
Defiance,OH,1984,41.280990,-84.365835
Defiance,OH,1982,41.280990,-84.365835
Del City,OK,1991,,
Delray Beach,FL,1992,26.455903,-80.090420
Denton,TX,1985,33.216629,-97.141376
Denton,TX,1987,33.216629,-97.141376
Denton,TX,1991,33.216629,-97.141376
Denver,CO,1981,39.761842,-104.881222
Denver,CO,1983,39.761842,-104.881222
Denver,CO,1984,39.761842,-104.881222
Des Moines,IA,1981,41.572590,-93.610243
Des Moines,IA,1987,41.572590,-93.610243
Des Moines,IA,1982,41.572590,-93.610243
Deshler,OH,1987,41.207838,-83.905927
Detroit,MI,1991,42.383037,-83.102237
Detroit,MI,1986,42.383037,-83.102237
Diamond Bar,CA,1988,34.001573,-117.817601
Donelson,TN,1980,,
Donelson,TN,1989,,
Dos Palos,CA,1989,36.985428,-120.633843
Dothan,AL,1984,31.233698,-85.406823
Dothan,AL,1987,31.233698,-85.406823
Dothan,AL,1985,31.233698,-85.406823
Douglasville,GA,1983,33.738328,-84.707237
Dover,DE,1981,39.160602,-75.521659
Downey,CA,1986,33.938237,-118.130856
Downey,CA,1985,33.938237,-118.130856
Downey,CA,1981,33.938237,-118.130856
Dublin,GA,1982,32.535471,-82.928807
Duncanville,TX,1983,32.645950,-96.913870
Dunedin,FL,1982,28.025744,-82.815358
Dunedin,FL,1983,28.025744,-82.815358
Dunkirk,MD,1986,38.718193,-76.676782
Durham,NC,1985,35.981149,-78.902925
Durham,NC,1986,35.981149,-78.902925
Durham,NC,1982,35.981149,-78.902925
Durham,NH,1981,43.140141,-70.922452
East Chicago,IN,1980,41.650459,-87.451123
East Los Angeles,CA,1984,34.031506,-118.168567
East Point,GA,1988,33.672360,-84.474958
Edgewood,KY,1991,39.008725,-84.559880
Edina,MN,1987,44.891123,-93.359752
Edina,MN,1988,44.891123,-93.359752
Edinburg,TX,1987,26.318113,-98.161016
Edmonds,WA,1980,47.825493,-122.367469
Effingham,IL,1990,39.119750,-88.550896
Effingham,IL,1982,39.119750,-88.550896
El Cajon,CA,1989,32.801700,-116.960379
El Cajon,CA,1988,32.801700,-116.960379
El Dorado,AR,1983,33.217742,-92.664202
El Paso,TX,1981,31.848360,-106.426979
El Paso,TX,1984,31.848360,-106.426979
Elizabeth,NJ,1987,40.666367,-74.193503
Elizabeth,NJ,1983,40.666367,-74.193503
Elizabethtown,KY,1988,37.704338,-85.877039
Elkhart,IN,1988,41.691167,-85.965132
Englewood,CO,1981,39.646505,-104.994001
Erie,PA,1987,42.116594,-80.073503
Escondido,CA,1982,33.133053,-117.074043
Escondido,CA,1985,33.133053,-117.074043
Eureka,IL,1981,40.714045,-89.277016
Eustis,FL,1986,28.856414,-81.678350
Evans City,PA,1989,,
Evanston,IL,1987,42.046391,-87.694352
Evansville,IN,1988,37.987737,-87.534705
Evansville,IN,1983,37.987737,-87.534705
Evansville,IN,1983,37.987737,-87.534705
Evansville,IN,1990,37.987737,-87.534705
Evansville,IN,1982,37.987737,-87.534705
Everett,WA,1983,47.956561,-122.191358
Everett,WA,1989,47.956561,-122.191358
Evergreen,IL,1989,,
Evergreen Park,IL,1982,41.721275,-87.701334
Fairfax,VA,1981,38.853183,-77.299025
Fairfax,VA,1986,38.853183,-77.299025
Fairfax,VA,1982,38.853183,-77.299025
Fairfield,CA,1985,38.256757,-122.039719
Fairfield,CA,1985,38.256757,-122.039719
Fall River,MA,1984,41.725351,-71.094162
Fallbrook,CA,1980,33.374701,-117.221724
Fallbrook,CA,1988,33.374701,-117.221724
Falmouth,MA,1986,41.551391,-70.608849
Fargo,ND,1988,46.865389,-96.829027
Farmington,CT,1987,,
Farmington,MO,1986,37.782400,-90.429580
Farmington,NM,1985,36.756865,-108.179373
Fayetteville,AR,1981,36.071473,-94.166559
Fayetteville,AR,1985,36.071473,-94.166559
Federal Way,WA,1988,47.308837,-122.336104
Festus,MO,1990,38.219889,-90.409603
Flagstaff,AZ,1989,35.185212,-111.620698
Flemington,NJ,1983,40.508651,-74.860113
Flemington,NJ,1991,40.508651,-74.860113
Florissant,MO,1984,38.799725,-90.327076
Flowood,MS,1982,32.336142,-90.073040
Flushing,NY,1982,,
Fontana,CA,1983,34.108793,-117.462685
Fontana,CA,1985,34.108793,-117.462685
Fontana,CA,1982,34.108793,-117.462685
Fontana,CA,1987,34.108793,-117.462685
Fort Belvoir,VA,1989,38.713092,-77.144488
Fort Benning,GA,1982,,
Fort Collins,CO,1992,40.548216,-105.064833
Fort Knox,KY,1983,37.891641,-85.967151
Fort Lauderdale,FL,1980,26.141227,-80.146731
Fort Lauderdale,FL,1984,26.141227,-80.146731
Fort Lauderdale,FL,1987,26.141227,-80.146731
Fort Lauderdale,FL,1980,26.141227,-80.146731
Fort Lauderdale,FL,1991,26.141227,-80.146731
Fort Lauderdale,FL,1985,26.141227,-80.146731
Fort Lauderdale,FL,1982,26.141227,-80.146731
Fort Lauderdale,FL,1982,26.141227,-80.146731
Fort Lauderdale,FL,1981,26.141227,-80.146731
Fort Lauderdale,FL,1980,26.141227,-80.146731
Fort Lauderdale,FL,1989,26.141227,-80.146731
Fort Lauderdale,FL,1986,26.141227,-80.146731
Fort Lauderdale,FL,1985,26.141227,-80.146731
Fort Lauderdale,FL,1991,26.141227,-80.146731
Fort Meade,FL,1986,27.766046,-81.802738
Fort Myers,FL,1987,26.619681,-81.831725
Fort Myers,FL,1985,26.619681,-81.831725
Fort Myers,FL,1991,26.619681,-81.831725
Fort Myers,FL,1980,26.619681,-81.831725
Fort Scott,KS,1983,37.830598,-94.703504
Fort Smith,AR,1983,35.347267,-94.370026
Fort Smith,AR,1983,35.347267,-94.370026
Fort Stewart,GA,1988,31.871887,-81.610020
Fort Thomas,KY,1989,39.081974,-84.453172
Fort Walton Beach,FL,1989,30.424253,-86.619403
Fort Wayne,IN,1981,41.088173,-85.143880
Fort Wayne,IN,1990,41.088173,-85.143880
Fort Wayne,IN,1988,41.088173,-85.143880
Fort Worth,TX,1989,32.781518,-97.346746
Fort Worth,TX,1993,32.781518,-97.346746
Fort Worth,TX,1980,32.781518,-97.346746
Fort Worth,TX,1981,32.781518,-97.346746
Fort Worth,TX,1980,32.781518,-97.346746
Fort Worth,TX,1988,32.781518,-97.346746
Fort Worth,TX,1983,32.781518,-97.346746
Fort Worth,TX,1980,32.781518,-97.346746
Fort Worth,TX,1980,32.781518,-97.346746
Fort Worth,TX,1987,32.781518,-97.346746
Fountain,CO,1984,38.699580,-104.699758
Fountain Valley,CA,1985,33.710582,-117.951129
Fountain Valley,CA,1989,33.710582,-117.951129
Fountain Valley,CA,1980,33.710582,-117.951129
Framingham,MA,1983,42.307905,-71.436196
Framingham,MA,1985,42.307905,-71.436196
Franklin,PA,1987,40.341682,-78.884250
Franklin,PA,1987,41.383030,-79.832088
Franklin,TN,1988,35.921251,-86.852281
Fredericksburg,VA,1981,38.299272,-77.486658
Freehold,NJ,1986,40.260219,-74.275884
Freehold,NJ,1990,40.260219,-74.275884
Freehold,NJ,1989,40.260219,-74.275884
Freeport,IL,1983,42.289539,-89.635826
Freeport,TX,1981,28.940934,-95.357392
Freeport,TX,1981,28.940934,-95.357392
Fremont,CA,1982,37.494461,-121.941150
Fremont,NE,1980,41.441615,-96.489675
Fresno,CA,1987,36.783603,-119.793445
Fresno,CA,1984,36.783603,-119.793445
Fresno,CA,1983,36.783603,-119.793445
Fresno,CA,1981,36.783603,-119.793445
Fullerton,CA,1988,33.885714,-117.928025
Fullerton,CA,1983,33.885714,-117.928025
Fullerton,CA,1990,33.885714,-117.928025
Fullerton,CA,1987,33.885714,-117.928025
Fullerton,CA,1980,33.885714,-117.928025
Gainesville,FL,1990,29.678832,-82.346103
Gainesville,FL,1985,29.678832,-82.346103
Gainesville,FL,1987,29.678832,-82.346103
Gainesville,FL,1991,29.678832,-82.346103
Gainesville,GA,1982,34.289658,-83.829893
Galveston,TX,1985,29.183446,-94.969960
Gaston,GA,1992,,
Germantown,TN,1987,35.081957,-89.782584
Gilbert,AZ,1991,33.310345,-111.743121
Gilroy,CA,1982,37.006407,-121.585321
Glen Cove,NY,1983,40.883261,-73.644870
Glen Cove,NY,1983,40.883261,-73.644870
Glendale,AZ,1986,33.533111,-112.189901
Glendale,CA,1988,34.181393,-118.245830
Glendale,CA,1983,34.181393,-118.245830
Glendale,CA,1989,34.181393,-118.245830
Glendive,MT,1987,47.106474,-104.710855
Glenwood,IL,1986,41.540499,-87.610973
Goddard,KS,1989,37.671801,-97.559709
Goldsboro,NC,1981,35.378226,-77.971869
Goldsboro,NC,1985,35.378226,-77.971869
Goleta,CA,1988,34.434875,-119.857741
Goose Creek,SC,1986,32.991585,-80.006721
Goose Creek,SC,1986,32.991585,-80.006721
Grand Junction,CO,1987,39.089062,-108.567452
Grand Rapids,MI,1982,42.961156,-85.655570
Grand Rapids,MI,1984,42.961156,-85.655570
Grants Pass,OR,1992,42.434113,-123.333166
Great Falls,MT,1984,47.501439,-111.299975
Green Bay,WI,1983,44.520676,-87.984169
Green Bay,WI,1986,44.520676,-87.984169
Greenbrae,CA,1985,,
Greenbrae,CA,1982,,
Greenbrae,CA,1986,,
Greenfield,IN,1987,39.793283,-85.772548
Greensboro,NC,1980,36.096483,-79.827108
Greensboro,NC,1990,36.096483,-79.827108
Greensburg,IN,1990,39.351019,-85.501189
Greensburg,PA,1983,40.311251,-79.544399
Greenville,NC,1988,35.596431,-77.375256
Greenville,PA,1983,41.405075,-80.383812
Greenville,SC,1982,34.836902,-82.362997
Greenville,SC,1987,34.836902,-82.362997
Greenville,SC,1986,34.836902,-82.362997
Greenville,TX,1988,33.111903,-96.108445
Greenwich,CT,1982,41.025852,-73.630505
Greenwood,MS,1986,33.512460,-90.198963
Greenwood,MS,1982,33.512460,-90.198963
Greer,SC,1990,34.937353,-82.234848
Griffin,GA,1990,33.241252,-84.276676
Hackensack,NJ,1986,40.889398,-74.045698
Hagerstown,MD,1983,39.639785,-77.721470
Hahira,GA,1983,30.996480,-83.381462
Hallettsville,TX,1985,29.443127,-96.943292
Hammond,IN,1982,41.621638,-87.493810
Hammond,IN,1986,41.621638,-87.493810
Hammond,LA,1986,30.505650,-90.456493
Harbor City,CA,1991,,
Hardeeville,SC,1988,32.295080,-81.041613
Harrisburg,PA,1985,40.275891,-76.885020
Harrisonburg,VA,1985,38.431669,-78.876027
Hartsville,SC,1990,34.366003,-80.083261
Harvey,IL,1986,41.607442,-87.652300
Harvey,IL,1981,41.607442,-87.652300
Hattiesburg,MS,1989,31.306467,-89.317561
Hattiesburg,MS,1987,31.306467,-89.317561
Hattiesburg,MS,1981,31.306467,-89.317561
Hattiesburg,MS,1980,31.306467,-89.317561
Hattiesburg,MS,1983,31.306467,-89.317561
Hattiesburg,MS,1980,31.306467,-89.317561
Hayward,CA,1982,37.628139,-122.106341
Hayward,CA,1981,37.628139,-122.106341
Hebron,CT,1987,,
Hemet,CA,1984,33.735226,-116.994604
Henderson,NV,1993,36.009655,-115.035665
Hialeah,FL,1987,25.869941,-80.302865
Hialeah,FL,1985,25.869941,-80.302865
Hialeah,FL,1992,25.869941,-80.302865
Hialeah,FL,1990,25.869941,-80.302865
Hialeah,FL,1990,25.869941,-80.302865
Hickory,NC,1989,35.741447,-81.324231
Hidden Hills,CA,1984,34.163744,-118.661204
Highlands,TX,1990,29.812869,-95.057826
Hilo,HI,1990,19.692437,-155.084503
Hilton Head,SC,1987,,
Hinsdale,IL,1988,41.800683,-87.928172
Hinsdale,IL,1991,41.800683,-87.928172
Hinsdale,IL,1991,41.800683,-87.928172
Hoffman Estates,IL,1987,42.065214,-88.152991
Holly Hill,SC,1983,33.325285,-80.413433
Hollywood,CA,1982,,
Hollywood,CA,1981,,
Hollywood,FL,1982,26.030967,-80.164609
Hollywood,FL,1985,26.030967,-80.164609
Hollywood,FL,1981,26.030967,-80.164609
Hollywood,FL,1991,26.030967,-80.164609
Homer,MI,1986,42.146423,-84.809738
Homestead,FL,1984,25.466608,-80.444768
Honolulu,HI,1988,,
Honolulu,HI,1980,,
Honolulu,HI,1981,,
Honolulu,HI,1983,,
Honolulu,HI,1981,,
Houston,TX,1983,29.780472,-95.386342
Houston,TX,1985,29.780472,-95.386342
Houston,TX,1982,29.780472,-95.386342
Houston,TX,1982,29.780472,-95.386342
Houston,TX,1981,29.780472,-95.386342
Houston,TX,1990,29.780472,-95.386342
Houston,TX,1990,29.780472,-95.386342
Houston,TX,1982,29.780472,-95.386342
Houston,TX,1989,29.780472,-95.386342
Houston,TX,1988,29.780472,-95.386342
Houston,TX,1987,29.780472,-95.386342
Houston,TX,1988,29.780472,-95.386342
Houston,TX,1981,29.780472,-95.386342
Houston,TX,1984,29.780472,-95.386342
Houston,TX,1985,29.780472,-95.386342
Houston,TX,1985,29.780472,-95.386342
Houston,TX,1991,29.780472,-95.386342
Houston,TX,1985,29.780472,-95.386342
Houston,TX,1982,29.780472,-95.386342
Houston,TX,1984,29.780472,-95.386342
Houston,TX,1984,29.780472,-95.386342
Houston,TX,1986,29.780472,-95.386342
Houston,TX,1984,29.780472,-95.386342
Houston,TX,1983,29.780472,-95.386342
Houston,TX,1980,29.780472,-95.386342
Houston,TX,1983,29.780472,-95.386342
Houston,TX,1984,29.780472,-95.386342
Houston,TX,1990,29.780472,-95.386342
Houston,TX,1983,29.780472,-95.386342
Houston,TX,1981,29.780472,-95.386342
Houston,TX,1983,29.780472,-95.386342
Houston,TX,1980,29.780472,-95.386342
Houston,TX,1983,29.780472,-95.386342
Houston,TX,1990,29.780472,-95.386342
Houston,TX,1983,29.780472,-95.386342
Houston,TX,1984,29.780472,-95.386342
Houston,TX,1980,29.780472,-95.386342
Houston,TX,1985,29.780472,-95.386342
Houston,TX,1981,29.780472,-95.386342
Houston,TX,1982,29.780472,-95.386342
Houston,TX,1988,29.780472,-95.386342
Houston,TX,1988,29.780472,-95.386342
Houston,TX,1986,29.780472,-95.386342
Houston,TX,1983,29.780472,-95.386342
Huntingburg,IN,1981,38.300925,-86.961909
Huntington,NY,1988,40.878127,-73.407664
Huntington Beach,CA,1986,33.690569,-118.009330
Huntington Beach,CA,1984,33.690569,-118.009330
Huntington Beach,CA,1984,33.690569,-118.009330
Huntington Beach,CA,1981,33.690569,-118.009330
Huntsville,AL,1988,34.699013,-86.672980
Huntsville,AL,1988,34.699013,-86.672980
Hutchinson,KS,1986,38.067291,-97.909520
Indianapolis,IN,1991,39.776664,-86.145935
Indianapolis,IN,1980,39.776664,-86.145935
Indianapolis,IN,1982,39.776664,-86.145935
Indianapolis,IN,1986,39.776664,-86.145935
Indianapolis,IN,1990,39.776664,-86.145935
Indianapolis,IN,1987,39.776664,-86.145935
Indianapolis,IN,1987,39.776664,-86.145935
Indianapolis,IN,1981,39.776664,-86.145935
Indianapolis,IN,1983,39.776664,-86.145935
Indianapolis,IN,1983,39.776664,-86.145935
Inglewood,CA,1987,33.956068,-118.344274
Iowa City,IA,1982,,
Iowa City,IA,1991,,
Irving,TX,1989,32.857748,-96.970022
Irving,TX,1984,32.857748,-96.970022
Issaquah,WA,1985,47.540383,-122.042058
Jackson,MS,1980,32.315831,-90.212823
Jackson,MS,1982,32.315831,-90.212823
Jackson,MS,1984,32.315831,-90.212823
Jacksonville,AL,1989,33.809108,-85.753918
Jacksonville,FL,1981,30.336864,-81.661603
Jacksonville,FL,1985,30.336864,-81.661603
Jacksonville,FL,1985,30.336864,-81.661603
Jacksonville,FL,1983,30.336864,-81.661603
Jacksonville,FL,1985,30.336864,-81.661603
Jacksonville,FL,1980,30.336864,-81.661603
Jacksonville,FL,1982,30.336864,-81.661603
Jacksonville,FL,1983,30.336864,-81.661603
Jacksonville,FL,1990,30.336864,-81.661603
Jasper,TX,1985,30.922681,-93.993251
Jefferson City,MO,1984,,
Jefferson City,MO,1985,,
Johnson City,NY,1983,,
Johnson City,TN,1983,,
Johnson City,TN,1993,,
Joplin,MO,1985,37.076357,-94.501211
Junction City,KS,1983,,
Juneau,AK,1980,58.372910,-134.178445
Jupiter,FL,1988,26.919517,-80.110060
Kailua,HI,1983,19.668568,-155.918723
Kailua,HI,1983,21.396783,-157.735799
Kailua,HI,1984,19.668568,-155.918723
Kailua,HI,1984,21.396783,-157.735799
Kalamazoo,MI,1986,42.275163,-85.588501
Kalamazoo,MI,1984,42.275163,-85.588501
Kankakee,IL,1984,41.096935,-87.856017
Kansas City,MO,1984,,
Kansas City,MO,1981,,
Kansas City,MO,1981,,
Kansas City,MO,1983,,
Kansas City,MO,1987,,
Kansas City,MO,1988,,
Kearney,NE,1981,40.700728,-99.083691
Kemmerer,WY,1980,41.778484,-110.552817
Kennewick,WA,1982,46.198265,-119.173645
Kerrville,TX,1984,30.040822,-99.130625
Kettering,OH,1986,39.695991,-84.150437
Kettering,OH,1990,39.695991,-84.150437
Kinston,NC,1990,35.275099,-77.593368
Kinston,NC,1985,35.275099,-77.593368
Kirkland,WA,1988,47.699461,-122.198673
Kirkland,WA,1986,47.699461,-122.198673
Klamath Falls,OR,1989,42.218595,-121.774962
Knoxville,TN,1982,35.970680,-83.949270
Knoxville,TN,1985,35.970680,-83.949270
Knoxville,TN,1984,35.970680,-83.949270
Knoxville,TN,1985,35.970680,-83.949270
Kokomo,IN,1986,40.467549,-86.135466
Kula,HI,1986,20.768060,-156.334541
La Grange,TX,1986,29.912609,-96.876296
La Jolla,CA,1984,,
La Mesa,CA,1980,32.769495,-117.021923
La Palma,CA,1990,33.850616,-118.039565
La Plata,MD,1985,38.543362,-76.969880
Lafayette,IN,1987,40.399044,-86.859237
Lafayette,IN,1980,40.399044,-86.859237
Lafayette,IN,1983,40.399044,-86.859237
Lafayette,LA,1980,30.211573,-92.031394
Lafayette,LA,1989,30.211573,-92.031394
Lafayette,LA,1983,30.211573,-92.031394
Lake Charles,LA,1981,30.202699,-93.214742
Lake Charles,LA,1984,30.202699,-93.214742
Lake Charles,LA,1990,30.202699,-93.214742
Lake Charles,LA,1988,30.202699,-93.214742
Lake City,FL,1986,,
Lake Forest,CA,1988,33.654946,-117.675848
Lake Jackson,TX,1985,29.050864,-95.451230
Lake Jackson,TX,1987,29.050864,-95.451230
Lake Wales,FL,1985,27.920708,-81.599499
Lakeland,FL,1991,28.055494,-81.954916
Lakeland,FL,1990,28.055494,-81.954916
Lakeland,FL,1990,28.055494,-81.954916
Lakeland,FL,1990,28.055494,-81.954916
Lakeland,FL,1983,28.055494,-81.954916
Lakeland,FL,1989,28.055494,-81.954916
Lakeland,FL,1983,28.055494,-81.954916
Lakeland,FL,1980,28.055494,-81.954916
Lakewood,CA,1980,33.847135,-118.121894
Lakewood,CA,1987,33.847135,-118.121894
Lakewood,CA,1983,33.847135,-118.121894
Lancaster,PA,1986,40.042061,-76.300990
Lancaster,PA,1991,40.042061,-76.300990
Land O' Lakes,FL,1988,28.208307,-82.445842
Las Vegas,NV,1989,36.229214,-115.260082
Las Vegas,NV,1992,36.229214,-115.260082
Las Vegas,NV,1992,36.229214,-115.260082
Las Vegas,NV,1984,36.229214,-115.260082
Las Vegas,NV,1984,36.229214,-115.260082
Las Vegas,NV,1988,36.229214,-115.260082
Las Vegas,NV,1989,36.229214,-115.260082
Las Vegas,NV,1990,36.229214,-115.260082
Las Vegas,NV,1986,36.229214,-115.260082
Las Vegas,NV,1982,36.229214,-115.260082
Las Vegas,NV,1991,36.229214,-115.260082
Latham,NY,1989,,
Laurel,MS,1980,31.695077,-89.144955
Laurinburg,NC,1980,34.762138,-79.477378
Lawton,OK,1989,34.617048,-98.420400
League City,TX,1990,,
Lee's Summit,MO,1990,38.921601,-94.384763
Leesburg,GA,1987,31.732058,-84.168546
Lewisburg,WV,1981,37.809397,-80.432601
Lewistown,PA,1986,40.597229,-77.571516
Lexington,KY,1985,,
Lexington,KY,1986,,
Lexington,KY,1992,,
Lexington,KY,1980,,
Lexington,KY,1989,,
Lexington,KY,1989,,
Lihue,HI,1987,21.971338,-159.352971
Lima,OH,1986,40.740679,-84.112091
Lincoln,NE,1985,40.810466,-96.680345
Lincoln,NE,1980,40.810466,-96.680345
Lincoln,NE,1984,40.810466,-96.680345
Lincolnton,NC,1983,35.474567,-81.238183
Lincolnwood,IL,1985,42.005430,-87.732959
Little Rock,AR,1980,34.725432,-92.358556
Little Rock,AR,1989,34.725432,-92.358556
Little Rock,AR,1987,34.725432,-92.358556
Livermore,CA,1990,37.685467,-121.762518
Livermore,CA,1987,37.685467,-121.762518
Livonia,MI,1983,42.397183,-83.372319
Londonderry,NH,1982,42.853398,-71.362425
Long Beach,CA,1986,33.809179,-118.155290
Long Beach,CA,1989,33.809179,-118.155290
Long Beach,CA,1991,33.809179,-118.155290
Long Beach,CA,1984,33.809179,-118.155290
Long Beach,CA,1982,33.809179,-118.155290
Long Beach,CA,1980,33.809179,-118.155290
Long Beach,CA,1984,33.809179,-118.155290
Long Beach,CA,1983,33.809179,-118.155290
Long Beach,CA,1989,33.809179,-118.155290
Long Beach,CA,1988,33.809179,-118.155290
Long Beach,CA,1985,33.809179,-118.155290
Long Beach,CA,1984,33.809179,-118.155290
Long Beach,NY,1984,40.585835,-73.665403
Longmont,CO,1983,40.169842,-105.099006
Longview,TX,1987,32.519331,-94.764901
Longview,TX,1986,32.519331,-94.764901
Longview,TX,1984,32.519331,-94.764901
Longview,TX,1983,32.519331,-94.764901
Longview,TX,1986,32.519331,-94.764901
Longview,WA,1989,46.146846,-122.964124
Los Angeles,CA,1982,34.019394,-118.410825
Los Angeles,CA,1982,34.019394,-118.410825
Los Angeles,CA,1980,34.019394,-118.410825
Los Angeles,CA,1986,34.019394,-118.410825
Los Angeles,CA,1986,34.019394,-118.410825
Los Angeles,CA,1981,34.019394,-118.410825
Los Angeles,CA,1993,34.019394,-118.410825
Los Angeles,CA,1981,34.019394,-118.410825
Los Angeles,CA,1995,34.019394,-118.410825
Los Angeles,CA,1988,34.019394,-118.410825
Los Angeles,CA,1989,34.019394,-118.410825
Los Angeles,CA,1984,34.019394,-118.410825
Los Angeles,CA,1987,34.019394,-118.410825
Los Angeles,CA,1981,34.019394,-118.410825
Los Angeles,CA,1982,34.019394,-118.410825
Los Angeles,CA,1983,34.019394,-118.410825
Los Angeles,CA,1991,34.019394,-118.410825
Los Angeles,CA,1981,34.019394,-118.410825
Los Angeles,CA,1982,34.019394,-118.410825
Louisville,KY,1980,38.225371,-85.741613
Louisville,KY,1980,38.165376,-85.647377
Louisville,KY,1988,38.225371,-85.741613
Louisville,KY,1988,38.165376,-85.647377
Louisville,KY,1984,38.225371,-85.741613
Louisville,KY,1984,38.165376,-85.647377
Louisville,KY,1980,38.225371,-85.741613
Louisville,KY,1980,38.165376,-85.647377
Lower Merion,PA,1981,,
Lubbock,TX,1989,33.566479,-101.886677
Lubbock,TX,1990,33.566479,-101.886677
Lubbock,TX,1988,33.566479,-101.886677
Lubbock,TX,1986,33.566479,-101.886677
Lufkin,TX,1984,31.322904,-94.729026
Lynchburg,VA,1981,37.399016,-79.195458
Lynchburg,VA,1980,37.399016,-79.195458
Lynchburg,VA,1987,37.399016,-79.195458
Lynchburg,VA,1989,37.399016,-79.195458
Lynwood,CA,1986,33.923962,-118.201647
Macon,GA,1986,32.830953,-83.648918
Macon,GA,1991,32.830953,-83.648918
Madison,WI,1980,43.087815,-89.429856
Madison,WI,1980,43.087815,-89.429856
Madras,OR,1983,44.638415,-121.126880
Manakin Sabot,VA,1983,,
Manhattan,KS,1982,39.188307,-96.605864
Mansfield,TX,1992,32.569188,-97.120532
Maple Park,IL,1988,41.917229,-88.616837
Maplewood,MN,1992,45.019015,-93.031060
Margate,FL,1987,26.248037,-80.211169
Margate,FL,1987,26.248037,-80.211169
Maria Stein,OH,1985,,
Marianna,FL,1983,30.789494,-85.231083
Marietta,GA,1987,33.953561,-84.542463
Marion,IN,1989,40.549986,-85.660420
Marion,NC,1985,35.677565,-82.001288
Marlton,NJ,1982,39.901885,-74.929277
Marshalltown,IA,1983,42.034300,-92.906266
Martinez,CA,1989,37.998123,-122.114421
Marysville,KS,1983,39.842671,-96.638111
Maryvale,AZ,1983,,
Mattoon,IL,1987,39.477833,-88.362225
McAllen,TX,1982,26.219652,-98.246648
McComb,MS,1989,31.244474,-90.471593
McComb,MS,1984,31.244474,-90.471593
McComb,MS,1982,31.244474,-90.471593
McKinney,TX,1982,33.198482,-96.668022
McKinney,TX,1987,33.198482,-96.668022
Medford,NY,1991,40.821979,-72.985918
Memphis,TN,1985,35.103543,-89.978498
Memphis,TN,1985,35.103543,-89.978498
Memphis,TN,1987,35.103543,-89.978498
Memphis,TN,1981,35.103543,-89.978498
Memphis,TN,1984,35.103543,-89.978498
Merced,CA,1984,37.305695,-120.477871
Merced,CA,1987,37.305695,-120.477871
Merced,CA,1984,37.305695,-120.477871
Meridian,MS,1988,32.387808,-88.690333
Merrillville,IN,1985,41.472687,-87.318070
Merritt Island,FL,1989,28.309239,-80.675956
Mesa,AZ,1985,33.401926,-111.717379
Mesa,AZ,1987,33.401926,-111.717379
Metairie,LA,1983,29.997793,-90.177864
Metairie,LA,1983,29.997793,-90.177864
Metairie,LA,1987,29.997793,-90.177864
Metairie,LA,1986,29.997793,-90.177864
Miami,AZ,1982,33.395008,-110.872236
Miami,FL,1984,25.775163,-80.208615
Miami,FL,1986,25.775163,-80.208615
Miami,FL,1990,25.775163,-80.208615
Miami,FL,1986,25.775163,-80.208615
Miami,FL,1987,25.775163,-80.208615
Miami,FL,1985,25.775163,-80.208615
Miami,FL,1984,25.775163,-80.208615
Miami,FL,1988,25.775163,-80.208615
Miami,FL,1985,25.775163,-80.208615
Miami,FL,1980,25.775163,-80.208615
Miami,FL,1988,25.775163,-80.208615
Miami,FL,1990,25.775163,-80.208615
Miami,FL,1987,25.775163,-80.208615
Miami,FL,1985,25.775163,-80.208615
Miami,FL,1985,25.775163,-80.208615
Miami,FL,1992,25.775163,-80.208615
Miami,FL,1985,25.775163,-80.208615
Miami,FL,1982,25.775163,-80.208615
Miami,FL,1983,25.775163,-80.208615
Miami,FL,1988,25.775163,-80.208615
Miami,FL,1984,25.775163,-80.208615
Miami,FL,1986,25.775163,-80.208615
Miami Beach,FL,1985,25.815265,-80.139721
Miami Beach,FL,1991,25.815265,-80.139721
Miami Lakes,FL,1987,25.912739,-80.320422
Middletown,NY,1987,41.444922,-74.423573
Middletown,OH,1993,39.502952,-84.364893
Midland,TX,1988,32.028371,-102.112094
Midland,TX,1990,32.028371,-102.112094
Midwest City,OK,1984,,
Minneapolis,MN,1985,44.963324,-93.268320
Minneapolis,MN,1990,44.963324,-93.268320
Minneapolis,MN,1984,44.963324,-93.268320
Minneapolis,MN,1988,44.963324,-93.268320
Minneapolis,MN,1984,44.963324,-93.268320
Mission Hills,CA,1983,34.688779,-120.439750
Mission Hills,CA,1981,34.688779,-120.439750
Mission Hills,CA,1989,34.688779,-120.439750
Mission Viejo,CA,1984,33.609335,-117.656471
Mission Viejo,CA,1986,33.609335,-117.656471
Mission Viejo,CA,1990,33.609335,-117.656471
Mission Viejo,CA,1987,33.609335,-117.656471
Missoula,MT,1983,46.869336,-114.007651
Mobile,AL,1987,30.668426,-88.100226
Mobile,AL,1981,30.668426,-88.100226
Modesto,CA,1989,37.637533,-121.003049
Modesto,CA,1983,37.637533,-121.003049
Modesto,CA,1983,37.637533,-121.003049
Monee,IL,1990,41.417270,-87.750403
Monroe,GA,1983,33.797477,-83.718741
Monroe,LA,1985,32.518985,-92.077179
Monroeville,PA,1989,40.426328,-79.761358
Montclair,CA,1990,34.071452,-117.698054
Montclair,CA,1988,34.071452,-117.698054
Montclair,CA,1992,34.071452,-117.698054
Monterey Park,CA,1980,34.048330,-118.133183
Montgomery,AL,1986,32.347174,-86.266114
Montgomery,AL,1980,32.347174,-86.266114
Montgomery,AL,1984,32.347174,-86.266114
Montgomery,AL,1987,32.347174,-86.266114
Montgomery,AL,1985,32.347174,-86.266114
Morehead City,NC,1988,,
Morgantown,WV,1985,39.637565,-79.946682
Morgantown,WV,1988,39.637565,-79.946682
Morgantown,WV,1986,39.637565,-79.946682
Morristown,NJ,1988,40.796562,-74.477318
Moses Lake,WA,1981,47.126818,-119.276170
Mount Holly,NJ,1987,,
Mount Joy,PA,1984,40.110613,-76.505720
Mount Juliet,TN,1987,36.199439,-86.498818
Mount Kisco,NY,1985,41.201696,-73.728258
Mount Pleasant,SC,1989,32.850085,-79.829903
Mount Vernon,WA,1980,48.417071,-122.311832
Mountain View,CA,1987,38.009240,-122.116855
Mountain View,CA,1987,37.399686,-122.079269
Mountain View,CA,1989,38.009240,-122.116855
Mountain View,CA,1989,37.399686,-122.079269
Murfreesboro,TN,1987,35.852164,-86.416022
Murfreesboro,TN,1985,35.852164,-86.416022
Murfreesboro,TN,1988,35.852164,-86.416022
Muskegon,MI,1981,43.228218,-86.255415
Muskogee,OK,1992,35.742697,-95.357010
Nacogdoches,TX,1988,31.612364,-94.652046
Nacogdoches,TX,1982,31.612364,-94.652046
Naperville,IL,1987,41.749173,-88.162019
Naples,FL,1984,26.149940,-81.795215
Naples,FL,1982,26.149940,-81.795215
Nashville,TN,1992,,
Nashville,TN,1989,,
Nashville,TN,1989,,
Nashville,TN,1989,,
Nashville,TN,1986,,
Natchez,MS,1983,31.549502,-91.388730
National City,CA,1987,,
Nederland,TX,1984,29.970149,-94.000902
Neenah,WI,1988,44.167597,-88.475999
Neptune,NJ,1981,40.200211,-74.033620
New Bern,NC,1990,35.095718,-77.070786
New Britain,CT,1980,41.676555,-72.786161
New Britain,CT,1989,41.676555,-72.786161
New Brunswick,NJ,1981,40.486677,-74.444414
New Brunswick,NJ,1985,40.486677,-74.444414
New Castle,PA,1980,40.995617,-80.345807
New Haven,CT,1980,41.310809,-72.924953
New Haven,CT,1981,41.310809,-72.924953
New Haven,CT,1988,41.310809,-72.924953
New Haven,CT,1987,41.310809,-72.924953
New London,CT,1986,41.332957,-72.096176
New London,CT,1989,41.332957,-72.096176
New Milford,CT,1985,41.583691,-73.405971
New Orleans,LA,1987,30.053420,-89.934502
New Port Richey,FL,1980,28.246638,-82.717502
New Rochelle,NY,1981,40.923243,-73.779344
New Ulm,MN,1984,44.312733,-94.467537
New York,NY,1981,40.664274,-73.938500
New York,NY,1984,40.664274,-73.938500
New York,NY,1988,40.664274,-73.938500
New York,NY,1985,40.664274,-73.938500
Newark,NJ,1987,40.724220,-74.172574
Newark,OH,1986,40.069732,-82.424925
Newberry,SC,1991,34.282254,-81.601461
Newbury Park,CA,1988,,
Newfane,NY,1987,43.285683,-78.693945
Newhall,CA,1991,,
Newhall,CA,1981,,
Newnan,GA,1989,33.379721,-84.770965
Newport Beach,CA,1991,33.597133,-117.890263
Newport Beach,CA,1981,33.597133,-117.890263
Newport Beach,CA,1990,33.597133,-117.890263
Newport Beach,CA,1983,33.597133,-117.890263
Newport Beach,CA,1986,33.597133,-117.890263
Newport Beach,CA,1989,33.597133,-117.890263
Newport Beach,CA,1981,33.597133,-117.890263
Newport Beach,CA,1990,33.597133,-117.890263
Newport Beach,CA,1985,33.597133,-117.890263
Newport Beach,CA,1980,33.597133,-117.890263
Newport News,VA,1991,37.076166,-76.521968
Newport News,VA,1985,37.076166,-76.521968
Newton,KS,1984,38.034761,-97.351895
Norfolk,NE,1980,42.034488,-97.421039
Norfolk,VA,1987,36.923015,-76.244641
Norfolk,VA,1984,36.923015,-76.244641
Norfolk,VA,1987,36.923015,-76.244641
Norfolk,VA,1982,36.923015,-76.244641
Norristown,PA,1991,40.122076,-75.339870
North Adams,MA,1980,42.675551,-73.118109
North Conway,NH,1987,44.052276,-71.124948
North Hollywood,CA,1991,,
North Hollywood,CA,1986,,
North Miami,FL,1981,25.900829,-80.168600
North Olmsted,OH,1987,41.414984,-81.919038
North Olmsted,OH,1983,41.414984,-81.919038
North Star,OH,1984,40.324261,-84.568980
Northbrook,IL,1987,42.129649,-87.835143
Northbrook,IL,1981,42.129649,-87.835143
Northfield,IL,1988,42.102570,-87.779166
Northfield,MN,1987,44.455645,-93.170311
Northridge,CA,1988,,
Northridge,CA,1983,,
Northridge,CA,1982,,
Northridge,CA,1985,,
Norwich,CT,1987,41.547860,-72.089488
Norwich,CT,1980,41.547860,-72.089488
Norwich,CT,1989,41.547860,-72.089488
Norwich,CT,1991,41.547860,-72.089488
Oak Lawn,IL,1984,41.713436,-87.752560
Oak Lawn,IL,1985,41.713436,-87.752560
Oak Park,IL,1985,41.887164,-87.789940
Oakland,CA,1987,37.769846,-122.225690
Oakland,CA,1990,37.769846,-122.225690
Oakland,CA,1988,37.769846,-122.225690
Oakland,CA,1986,37.769846,-122.225690
Oakland,CA,1982,37.769846,-122.225690
Ocala,FL,1985,29.180258,-82.148784
Oceanside,CA,1988,33.224595,-117.306228
Oceanside,CA,1984,33.224595,-117.306228
Odessa,TX,1984,31.883780,-102.341062
Oklahoma City,OK,1991,,
Oklahoma City,OK,1982,,
Oklahoma City,OK,1985,,
Oklahoma City,OK,1981,,
Oklahoma City,OK,1980,,
Olney,MD,1983,39.144339,-77.071434
Olympia,WA,1983,47.041398,-122.896774
Omaha,NE,1987,41.263765,-96.041638
Omaha,NE,1984,41.263765,-96.041638
Omaha,NE,1986,41.263765,-96.041638
Omaha,NE,1985,41.263765,-96.041638
Omaha,NE,1983,41.263765,-96.041638
Ontario,CA,1984,34.039438,-117.604215
Orange,CA,1984,33.786971,-117.861265
Orange,CA,1986,33.786971,-117.861265
Orange,CA,1982,33.786971,-117.861265
Orange,CA,1981,33.786971,-117.861265
Orange,CA,1992,33.786971,-117.861265
Orange,CA,1984,33.786971,-117.861265
Orange,CA,1985,33.786971,-117.861265
Orange Park,FL,1986,30.170853,-81.704672
Oregon City,OR,1981,,
Orlando,FL,1988,28.415581,-81.298990
Orlando,FL,1991,28.415581,-81.298990
Orlando,FL,1991,28.415581,-81.298990
Orlando,FL,1983,28.415581,-81.298990
Orlando,FL,1982,28.415581,-81.298990
Orlando,FL,1989,28.415581,-81.298990
Orlando,FL,1991,28.415581,-81.298990
Orlando,FL,1987,28.415581,-81.298990
Overland Park,KS,1990,38.889042,-94.690584
Owensboro,KY,1988,37.756764,-87.119125
Oxford,OH,1982,39.505240,-84.743978
Oxnard,CA,1987,34.202346,-119.204603
Oxnard,CA,1981,34.202346,-119.204603
Pacifica,CA,1985,37.606627,-122.477211
Paducah,KY,1987,37.071382,-88.643799
Paducah,KY,1989,37.071382,-88.643799
Palm Bay,FL,1988,27.985624,-80.662621
Palm Beach,FL,1986,26.684952,-80.037235
Palm Beach,FL,1988,26.684952,-80.037235
Palm Beach Gardens,FL,1984,26.848788,-80.167124
Palm Beach Gardens,FL,1985,26.848788,-80.167124
Palm Beach Gardens,FL,1986,26.848788,-80.167124
Palm Beach Gardens,FL,1983,26.848788,-80.167124
Palo Alto,CA,1992,37.399782,-122.142776
Palos Hills,IL,1989,41.700681,-87.825297
Palos Verdes Estates,CA,1988,33.786519,-118.394911
Panama City,FL,1987,,
Panama City,FL,1981,,
Panama City,FL,1985,,
Panama City,FL,1983,,
Panorama City,CA,1987,,
Panorama City,CA,1987,,
Panorama City,CA,1989,,
Papillion,NE,1987,41.153006,-96.045268
Paradise Valley,AZ,1988,33.552157,-111.961330
Paramount,CA,1990,33.898883,-118.166629
Park Ridge,IL,1987,42.011762,-87.843434
Park Ridge,IL,1984,42.011762,-87.843434
Park Ridge,IL,1988,42.011762,-87.843434
Parlin,NJ,1985,,
Parma,OH,1980,41.383569,-81.728641
Pasadena,CA,1982,34.160592,-118.139593
Pasadena,CA,1984,34.160592,-118.139593
Pasadena,CA,1987,34.160592,-118.139593
Pasadena,CA,1984,34.160592,-118.139593
Pasadena,CA,1989,34.160592,-118.139593
Pasadena,CA,1987,34.160592,-118.139593
Pascagoula,MS,1986,30.360067,-88.556327
Pascagoula,MS,1983,30.360067,-88.556327
Paso Robles,CA,1980,,
Pawtucket,RI,1991,41.874368,-71.375678
Peabody,MA,1985,42.534279,-70.969782
Pembroke Pines,FL,1987,26.021034,-80.340397
Pembroke Pines,FL,1983,26.021034,-80.340397
Pensacola,FL,1986,30.443336,-87.189497
Pensacola,FL,1985,30.443336,-87.189497
Pensacola,FL,1988,30.443336,-87.189497
Pensacola,FL,1994,30.443336,-87.189497
Pensacola,FL,1981,30.443336,-87.189497
Pensacola,FL,1980,30.443336,-87.189497
Peoria,IL,1987,40.751516,-89.617360
Peoria,IL,1987,40.751516,-89.617360
Perkins,OK,1986,35.978052,-97.029927
Peru,IL,1982,41.346849,-89.133127
Petaluma,CA,1980,38.242253,-122.628631
Petoskey,MI,1982,45.364850,-85.010701
Philadelphia,PA,1987,40.009376,-75.133346
Philadelphia,PA,1988,40.009376,-75.133346
Philipsburg,PA,1988,40.893482,-78.215984
Phoenix,AZ,1981,33.572154,-112.090132
Phoenix,AZ,1983,33.572154,-112.090132
Phoenix,AZ,1986,33.572154,-112.090132
Phoenix,AZ,1987,33.572154,-112.090132
Phoenix,AZ,1986,33.572154,-112.090132
Phoenix,AZ,1990,33.572154,-112.090132
Phoenix,AZ,1982,33.572154,-112.090132
Phoenix,AZ,1983,33.572154,-112.090132
Phoenix,AZ,1986,33.572154,-112.090132
Picayune,MS,1983,30.528891,-89.678510
Pikeville,KY,1983,37.480721,-82.526093
Pikeville,KY,1985,37.480721,-82.526093
Pinehurst,NC,1982,35.191174,-79.469839
Pinehurst,NC,1988,35.191174,-79.469839
Pinellas Park,FL,1985,27.858883,-82.708213
Pittsburgh,PA,1981,40.439753,-79.976592
Pittsburgh,PA,1987,40.439753,-79.976592
Pittsburgh,PA,1983,40.439753,-79.976592
Pittsburgh,PA,1985,40.439753,-79.976592
Pittsburgh,PA,1981,40.439753,-79.976592
Placentia,CA,1990,33.881158,-117.854783
Plano,TX,1991,33.050769,-96.747944
Plano,TX,1981,33.050769,-96.747944
Plantation,FL,1981,26.125611,-80.261813
Plantation,FL,1981,27.072365,-82.371511
Plantation,FL,1983,26.125611,-80.261813
Plantation,FL,1983,27.072365,-82.371511
Pleasanton,CA,1991,37.667185,-121.881230
Plymouth,WI,1987,43.745180,-87.965307
Point Pleasant,NJ,1982,40.077748,-74.069921
Point Pleasant,NJ,1986,40.077748,-74.069921
Pomona,CA,1987,34.058494,-117.761091
Pomona,CA,1982,34.058494,-117.761091
Pomona,CA,1987,34.058494,-117.761091
Ponca City,OK,1983,,
Pontiac,MI,1981,42.649228,-83.287363
Pooler,GA,1987,32.101858,-81.254989
Port Angeles,WA,1980,48.118959,-123.448260
Port Charlotte,FL,1985,26.989467,-82.113651
Port Huron,MI,1982,42.993766,-82.433743
Portales,NM,1980,34.176355,-103.354213
Portland,ME,1986,43.633192,-70.185644
Portland,ME,1985,43.633192,-70.185644
Portland,ME,1982,43.633192,-70.185644
Portland,OR,1985,45.536951,-122.649971
Portland,OR,1983,45.536951,-122.649971
Portland,OR,1982,45.536951,-122.649971
Portland,OR,1983,45.536951,-122.649971
Portland,OR,1988,45.536951,-122.649971
Portland,OR,1984,45.536951,-122.649971
Portland,OR,1986,45.536951,-122.649971
Portsmouth,OH,1982,38.752795,-82.952373
Portsmouth,VA,1981,36.859430,-76.356269
Portsmouth,VA,1982,36.859430,-76.356269
Poway,CA,1990,32.987702,-117.021843
Poway,CA,1989,32.987702,-117.021843
Poway,CA,1986,32.987702,-117.021843
Prattville,AL,1986,32.461908,-86.457385
Providence,RI,1987,41.823056,-71.418784
Providence,RI,1983,41.823056,-71.418784
Pullman,WA,1981,46.732671,-117.163454
Punxsutawney,PA,1988,40.943745,-78.974766
Puyallup,WA,1993,47.179191,-122.289213
Queens,NY,1984,,
Queens,NY,1982,,
Queens,NY,1980,,
Queens,NY,1981,,
Queensbury,NY,1980,,
Quincy,CA,1990,39.931028,-120.954869
Quincy,MA,1988,42.261006,-71.008988
Raceland,LA,1987,29.722428,-90.635879
Racine,WI,1982,42.728284,-87.807086
Racine,WI,1980,42.728284,-87.807086
Raleigh,NC,1988,35.830598,-78.641768
Raleigh,NC,1981,35.830598,-78.641768
Raleigh,NC,1981,35.830598,-78.641768
Raleigh,NC,1982,35.830598,-78.641768
Ranburne,AL,1989,33.525853,-85.339013
Rancho Palos Verdes,CA,1988,33.753155,-118.367963
Randolph,NJ,1982,,
Rapid City,SD,1986,,
Reading,PA,1987,40.339220,-75.926277
Reading,PA,1980,40.339220,-75.926277
Reading,PA,1986,40.339220,-75.926277
Redlands,CA,1989,34.051642,-117.170862
Redlands,CA,1989,34.051642,-117.170862
Redlands,CA,1988,34.051642,-117.170862
Redlands,CA,1981,34.051642,-117.170862
Redmond,WA,1990,47.678260,-122.114700
Redwood City,CA,1986,,
Redwood City,CA,1986,,
Redwood City,CA,1983,,
Reidsville,NC,1991,36.341304,-79.673826
Reno,NV,1985,39.549098,-119.849905
Reno,NV,1984,39.549098,-119.849905
Reno,NV,1981,39.549098,-119.849905
Reno,NV,1984,39.549098,-119.849905
Reno,NV,1990,39.549098,-119.849905
Renton,WA,1980,47.476058,-122.191974
Rexburg,ID,1980,43.822696,-111.793317
Rexburg,ID,1985,43.822696,-111.793317
Richland,WA,1983,46.284086,-119.294046
Richland,WA,1987,46.284086,-119.294046
Richmond,VA,1990,37.531399,-77.476009
Richmond,VA,1989,37.531399,-77.476009
Richmond,VA,1982,37.531399,-77.476009
Richmond,VA,1983,37.531399,-77.476009
Ridgecrest,CA,1983,35.628542,-117.663992
Ridgewood,NJ,1989,40.981591,-74.113506
Riverhead,NY,1988,40.949430,-72.675184
Riverside,CA,1989,33.938143,-117.393168
Riverside,CA,1980,33.938143,-117.393168
Riverside,CA,1991,33.938143,-117.393168
Riverside,CA,1980,33.938143,-117.393168
Riverside,CA,1988,33.938143,-117.393168
Riverside,CA,1990,33.938143,-117.393168
Rochester,MI,1987,42.686718,-83.119676
Rockford,IL,1986,42.258836,-89.064553
Rockford,IL,1989,42.258836,-89.064553
Rockville,MD,1985,39.083664,-77.155578
Rome,GA,1989,34.267740,-85.187533
Rome,GA,1985,34.267740,-85.187533
Rosenberg,TX,1991,29.541270,-95.815222
Roseville,CA,1987,38.768199,-121.316620
Roseville,CA,1990,38.768199,-121.316620
Roswell,GA,1986,34.039453,-84.350946
Round Rock,TX,1988,30.523716,-97.667363
Royal Oak,MI,1988,42.507816,-83.153890
Royse City,TX,1990,,
Rutherford,NJ,1984,40.820314,-74.106041
Sacramento,CA,1983,38.566592,-121.468632
Sacramento,CA,1986,38.566592,-121.468632
Sacramento,CA,1985,38.566592,-121.468632
Sacramento,CA,1981,38.566592,-121.468632
Sacramento,CA,1983,38.566592,-121.468632
Sacramento,CA,1983,38.566592,-121.468632
Sacramento,CA,1980,38.566592,-121.468632
Sacramento,CA,1986,38.566592,-121.468632
Sacramento,CA,1987,38.566592,-121.468632
Safford,AZ,1984,32.832106,-109.701233
Salem,OR,1981,44.923712,-123.023189
Salem,OR,1984,44.923712,-123.023189
Salina,KS,1985,38.814003,-97.614463
Salisbury,NC,1984,35.665763,-80.491044
Salt Lake City,UT,1980,,
San Antonio,TX,1982,29.472403,-98.525142
San Antonio,TX,1980,29.472403,-98.525142
San Antonio,TX,1984,29.472403,-98.525142
San Antonio,TX,1985,29.472403,-98.525142
San Antonio,TX,1988,29.472403,-98.525142
San Antonio,TX,1990,29.472403,-98.525142
San Antonio,TX,1986,29.472403,-98.525142
San Bernardino,CA,1982,34.141553,-117.293557
San Diego,CA,1991,32.815300,-117.134993
San Diego,CA,1984,32.815300,-117.134993
San Diego,CA,1985,32.815300,-117.134993
San Diego,CA,1980,32.815300,-117.134993
San Diego,CA,1987,32.815300,-117.134993
San Diego,CA,1989,32.815300,-117.134993
San Diego,CA,1981,32.815300,-117.134993
San Diego,CA,1980,32.815300,-117.134993
San Diego,CA,1980,32.815300,-117.134993
San Diego,CA,1982,32.815300,-117.134993
San Diego,CA,1987,32.815300,-117.134993
San Diego,CA,1982,32.815300,-117.134993
San Diego,CA,1989,32.815300,-117.134993
San Diego,CA,1983,32.815300,-117.134993
San Diego,CA,1980,32.815300,-117.134993
San Diego,CA,1985,32.815300,-117.134993
San Diego,CA,1982,32.815300,-117.134993
San Diego,CA,1980,32.815300,-117.134993
San Diego,CA,1989,32.815300,-117.134993
San Diego,CA,1987,32.815300,-117.134993
San Diego,CA,1981,32.815300,-117.134993
San Diego,CA,1987,32.815300,-117.134993
San Diego,CA,1984,32.815300,-117.134993
San Diego,CA,1980,32.815300,-117.134993
San Diego,CA,1989,32.815300,-117.134993
San Diego,CA,1988,32.815300,-117.134993
San Diego,CA,1988,32.815300,-117.134993
San Diego,CA,1980,32.815300,-117.134993
San Dimas,CA,1984,34.107957,-117.808529
San Dimas,CA,1984,34.107957,-117.808529
San Dimas,CA,1981,34.107957,-117.808529
San Fernando,CA,1984,34.288652,-118.436241
San Francisco,CA,1987,37.727239,-123.032229
San Francisco,CA,1980,37.727239,-123.032229
San Francisco,CA,1990,37.727239,-123.032229
San Jose,CA,1983,37.296739,-121.818909
San Jose,CA,1989,37.296739,-121.818909
San Jose,CA,1986,37.296739,-121.818909
San Jose,CA,1982,37.296739,-121.818909
San Jose,CA,1986,37.296739,-121.818909
San Jose,CA,1988,37.296739,-121.818909
San Jose,CA,1980,37.296739,-121.818909
San Jose,CA,1986,37.296739,-121.818909
San Juan Capistrano,CA,1992,33.500581,-117.654433
San Leandro,CA,1988,37.703368,-122.163036
San Marcos,TX,1987,29.876954,-97.931563
San Mateo,CA,1988,37.560310,-122.310600
San Mateo,CA,1992,37.560310,-122.310600
San Pedro,CA,1989,,
Sandpoint,ID,1986,48.280716,-116.560067
Sandpoint,ID,1982,48.280716,-116.560067
Sandusky,OH,1982,41.455887,-82.714410
Sandusky,OH,1984,41.455887,-82.714410
Sandusky,OH,1982,41.455887,-82.714410
Sanford,FL,1991,28.789425,-81.275624
Santa Ana,CA,1987,33.736332,-117.882952
Santa Ana,CA,1981,33.736332,-117.882952
Santa Barbara,CA,1985,34.400601,-119.712955
Santa Barbara,CA,1990,34.400601,-119.712955
Santa Barbara,CA,1982,34.400601,-119.712955
Santa Clara,CA,1990,37.364626,-121.967927
Santa Clara,CA,1986,37.364626,-121.967927
Santa Clara,CA,1984,37.364626,-121.967927
Santa Cruz,CA,1982,36.974385,-122.035268
Santa Cruz,CA,1982,36.974385,-122.035268
Santa Fe,NM,1987,35.665194,-105.973427
Santa Maria,CA,1980,34.933214,-120.443815
Santa Maria,CA,1985,34.933214,-120.443815
Santa Monica,CA,1985,34.023413,-118.481666
Santa Monica,CA,1987,34.023413,-118.481666
Santa Monica,CA,1982,34.023413,-118.481666
Santa Monica,CA,1982,34.023413,-118.481666
Santa Monica,CA,1991,34.023413,-118.481666
Santa Monica,CA,1987,34.023413,-118.481666
Santa Monica,CA,1985,34.023413,-118.481666
Santa Monica,CA,1985,34.023413,-118.481666
Santa Rosa,CA,1989,38.446816,-122.706136
Santa Rosa,CA,1983,38.446816,-122.706136
Santa Rosa,CA,1983,38.446816,-122.706136
Santa Rosa,CA,1984,38.446816,-122.706136
Santa Rosa,CA,1984,38.446816,-122.706136
Sarasota,FL,1985,27.337860,-82.545792
Sarasota,FL,1983,27.337860,-82.545792
Sarasota,FL,1984,27.337860,-82.545792
Sarasota,FL,1989,27.337860,-82.545792
Sarasota,FL,1982,27.337860,-82.545792
Sarasota,FL,1988,27.337860,-82.545792
Sarasota,FL,1988,27.337860,-82.545792
Saugus,CA,1987,,
Savannah,GA,1988,32.002512,-81.153557
Savannah,GA,1982,32.002512,-81.153557
Savannah,GA,1987,32.002512,-81.153557
Scott AFB,IL,1982,38.542964,-89.852114
Scottsdale,AZ,1981,33.684347,-111.861120
Scottsdale,AZ,1980,33.684347,-111.861120
Scottsdale,AZ,1986,33.684347,-111.861120
Seaford,NY,1989,40.667480,-73.492291
Seattle,WA,1991,47.620499,-122.350876
Seattle,WA,1993,47.620499,-122.350876
Seattle,WA,1987,47.620499,-122.350876
Seattle,WA,1983,47.620499,-122.350876
Seattle,WA,1990,47.620499,-122.350876
Seattle,WA,1982,47.620499,-122.350876
Seattle,WA,1984,47.620499,-122.350876
Seattle,WA,1982,47.620499,-122.350876
Sebastian,FL,1986,27.787857,-80.482403
Selma,CA,1983,36.574308,-119.615583
Senoia,GA,1991,33.307634,-84.554770
Seward,NE,1984,40.909211,-97.096095
Shawnee,OK,1991,35.363903,-96.960453
Shelby,NC,1980,35.287902,-81.541127
Shreveport,LA,1982,32.466879,-93.792193
Shreveport,LA,1981,32.466879,-93.792193
Shreveport,LA,1982,32.466879,-93.792193
Shreveport,LA,1987,32.466879,-93.792193
Shreveport,LA,1988,32.466879,-93.792193
Shreveport,LA,1992,32.466879,-93.792193
Sikeston,MO,1985,36.888669,-89.586865
Sikeston,MO,1985,36.888669,-89.586865
Silver Spring,MD,1986,39.002441,-77.020791
Silver Spring,MD,1980,39.002441,-77.020791
Silver Spring,MD,1980,39.002441,-77.020791
Simi Valley,CA,1981,34.266887,-118.748458
Simi Valley,CA,1989,34.266887,-118.748458
Simi Valley,CA,1981,34.266887,-118.748458
Simi Valley,CA,1987,34.266887,-118.748458
Sioux City,IA,1982,,
Sioux City,IA,1985,,
Sioux Falls,SD,1987,43.538335,-96.731998
Slidell,LA,1980,30.289342,-89.783279
Slidell,LA,1989,30.289342,-89.783279
Slidell,LA,1985,30.289342,-89.783279
Smyrna,GA,1990,33.862325,-84.507955
Somerset,KY,1982,37.079071,-84.608672
Sonora,CA,1982,37.981692,-120.382663
Souderton,PA,1986,40.311002,-75.322351
South Boston,VA,1987,36.711825,-78.913354
South Miami,FL,1989,25.708550,-80.295105
South Orange,NJ,1983,,
South Portland,ME,1986,43.631402,-70.285989
Southfield,MI,1986,42.474640,-83.259509
Southfield,MI,1984,42.474640,-83.259509
Southfield,MI,1983,42.474640,-83.259509
Spartanburg,SC,1989,34.942294,-81.926907
Spartanburg,SC,1980,34.942294,-81.926907
Spartanburg,SC,1983,34.942294,-81.926907
Spokane,WA,1989,47.666935,-117.433322
Spring,TX,1980,30.062169,-95.383966
Spring,TX,1985,30.062169,-95.383966
Springfield,IL,1983,39.791063,-89.644572
Springfield,IL,1989,39.791063,-89.644572
Springfield,IL,1980,39.791063,-89.644572
Springfield,IL,1980,39.791063,-89.644572
Springfield,MA,1990,42.115454,-72.539978
Springfield,MA,1987,42.115454,-72.539978
Springfield,MA,1985,42.115454,-72.539978
Springfield,MA,1980,42.115454,-72.539978
Springfield,MO,1985,37.194152,-93.291305
Springfield,OH,1988,39.928825,-83.797365
Springfield,PA,1983,,
Springfield,VT,1985,43.284171,-72.473773
St. Amant,LA,1986,,
St. Charles,IL,1982,41.918939,-88.311434
St. Charles,MO,1990,38.795702,-90.515364
St. Charles,MO,1991,38.795702,-90.515364
St. Clairsville,OH,1983,40.078274,-80.899173
St. Cloud,MN,1981,45.526621,-94.171049
St. Louis,MO,1983,38.635699,-90.244582
St. Louis,MO,1989,38.635699,-90.244582
St. Louis,MO,1986,38.635699,-90.244582
St. Louis,MO,1982,38.635699,-90.244582
St. Louis,MO,1988,38.635699,-90.244582
St. Louis,MO,1984,38.635699,-90.244582
St. Louis,MO,1982,38.635699,-90.244582
St. Louis,MO,1983,38.635699,-90.244582
St. Louis,MO,1982,38.635699,-90.244582
St. Louis,MO,1984,38.635699,-90.244582
St. Louis,MO,1986,38.635699,-90.244582
St. Louis,MO,1984,38.635699,-90.244582
St. Louis,MO,1988,38.635699,-90.244582
St. Louis Park,MN,1980,44.948681,-93.365035
St. Louis Park,MN,1985,44.948681,-93.365035
St. Paul,MN,1985,44.948901,-93.104063
St. Paul,MN,1987,44.948901,-93.104063
St. Paul,MN,1980,44.948901,-93.104063
St. Paul,MN,1983,44.948901,-93.104063
St. Paul,MN,1983,44.948901,-93.104063
St. Petersburg,FL,1981,27.761976,-82.644055
St. Petersburg,FL,1983,27.761976,-82.644055
St. Petersburg,FL,1980,27.761976,-82.644055
St. Petersburg,FL,1982,27.761976,-82.644055
St. Petersburg,FL,1985,27.761976,-82.644055
St. Petersburg,FL,1981,27.761976,-82.644055
St. Petersburg,FL,1990,27.761976,-82.644055
Stamford,CT,1985,41.079857,-73.546028
Stanford,CA,1987,37.427021,-122.167747
Starkville,MS,1986,33.458777,-88.832639
Staten Island,NY,1983,,
Staten Island,NY,1984,,
Statesboro,GA,1985,32.439392,-81.775095
Steamboat Springs,CO,1983,40.475587,-106.822935
Steens,MS,1982,,
Sterling,IL,1991,41.799668,-89.695150
Steubenville,OH,1986,40.366320,-80.657069
Stillwater,OK,1980,36.131547,-97.073681
Stillwater,OK,1990,36.131547,-97.073681
Stockton,CA,1987,37.976342,-121.313304
Stockton,CA,1981,37.976342,-121.313304
Stockton,CA,1986,37.976342,-121.313304
Stony Brook,NY,1991,40.905957,-73.127374
Streator,IL,1984,41.125178,-88.830745
Sulphur,LA,1991,30.230353,-93.355548
Sumter,SC,1982,33.940848,-80.395543
Sunnyvale,CA,1990,37.385797,-122.026316
Sylacauga,AL,1980,33.177974,-86.260238
Tacoma,WA,1984,47.252199,-122.459832
Tahlequah,OK,1993,35.911805,-94.977102
Talihina,OK,1989,34.752242,-95.041040
Tallahassee,FL,1987,30.455108,-84.253419
Tallahassee,FL,1983,30.455108,-84.253419
Taloga,OK,1986,36.040258,-98.964111
Tampa,FL,1982,27.970086,-82.479673
Tampa,FL,1985,27.970086,-82.479673
Tampa,FL,1981,27.970086,-82.479673
Tampa,FL,1988,27.970086,-82.479673
Tampa,FL,1990,27.970086,-82.479673
Tampa,FL,1984,27.970086,-82.479673
Tampa,FL,1984,27.970086,-82.479673
Tampa,FL,1993,27.970086,-82.479673
Tampa,FL,1990,27.970086,-82.479673
Tampa,FL,1981,27.970086,-82.479673
Tampa,FL,1982,27.970086,-82.479673
Tampa,FL,1984,27.970086,-82.479673
Tampa,FL,1984,27.970086,-82.479673
Tampa,FL,1981,27.970086,-82.479673
Tampa,FL,1990,27.970086,-82.479673
Tecumseh,AL,1986,,
Telford,PA,1980,40.325941,-75.327935
Temple,TX,1989,31.108381,-97.389125
Temple,TX,1982,31.108381,-97.389125
Templeton,CA,1981,35.556028,-120.717584
Terre Haute,IN,1988,39.465542,-87.375924
Tewksbury,MA,1990,,
Texarkana,TX,1990,33.448105,-94.081217
Texarkana,TX,1981,33.448105,-94.081217
Texas City,TX,1981,,
The Woodlands,TX,1990,30.171548,-95.507982
Thomaston,GA,1988,32.891673,-84.326691
Thomasville,GA,1980,30.839422,-83.978781
Thomasville,NC,1990,35.881543,-80.079936
Thousand Oaks,CA,1986,34.190258,-118.881101
Thousand Oaks,CA,1985,34.190258,-118.881101
Thousand Oaks,CA,1990,34.190258,-118.881101
Thousand Oaks,CA,1989,34.190258,-118.881101
Thousand Oaks,CA,1991,34.190258,-118.881101
Tifton,GA,1981,31.462100,-83.520494
Toledo,OH,1988,41.664071,-83.581861
Toledo,OH,1989,41.664071,-83.581861
Toledo,OH,1980,41.664071,-83.581861
Toledo,OH,1984,41.664071,-83.581861
Tomball,TX,1987,30.097358,-95.619410
Topeka,KS,1986,39.034680,-95.694825
Topeka,KS,1982,39.034680,-95.694825
Torrance,CA,1987,33.834966,-118.341431
Torrance,CA,1983,33.834966,-118.341431
Torrance,CA,1980,33.834966,-118.341431
Torrance,CA,1987,33.834966,-118.341431
Torrance,CA,1981,33.834966,-118.341431
Torrance,CA,1980,33.834966,-118.341431
Torrance,CA,1988,33.834966,-118.341431
Torrance,CA,1984,33.834966,-118.341431
Tracy,CA,1990,37.724597,-121.445538
Trenton,NJ,1986,40.223748,-74.764001
Trenton,NJ,1982,40.223748,-74.764001
Tucson,AZ,1982,32.153695,-110.871064
Tucson,AZ,1981,32.153695,-110.871064
Tucson,AZ,1982,32.153695,-110.871064
Tucson,AZ,1982,32.153695,-110.871064
Tucson,AZ,1988,32.153695,-110.871064
Tucson,AZ,1988,32.153695,-110.871064
Tucson,AZ,1981,32.153695,-110.871064
Tucson,AZ,1980,32.153695,-110.871064
Tucson,AZ,1982,32.153695,-110.871064
Tucson,AZ,1983,32.153695,-110.871064
Tucson,AZ,1982,32.153695,-110.871064
Tullahoma,TN,1980,35.373311,-86.218277
Tullahoma,TN,1987,35.373311,-86.218277
Tulsa,OK,1989,36.127949,-95.902316
Tulsa,OK,1992,36.127949,-95.902316
Tulsa,OK,1990,36.127949,-95.902316
Tulsa,OK,1987,36.127949,-95.902316
Tulsa,OK,1986,36.127949,-95.902316
Tulsa,OK,1988,36.127949,-95.902316
Tulsa,OK,1988,36.127949,-95.902316
Tulsa,OK,1980,36.127949,-95.902316
Tulsa,OK,1984,36.127949,-95.902316
Tulsa,OK,1988,36.127949,-95.902316
Tulsa,OK,1986,36.127949,-95.902316
Tulsa,OK,1983,36.127949,-95.902316
Tupelo,MS,1982,34.263642,-88.733827
Tuscaloosa,AL,1984,33.234404,-87.528300
Tuscaloosa,AL,1980,33.234404,-87.528300
Tuscaloosa,AL,1981,33.234404,-87.528300
Tyler,TX,1984,32.317258,-95.305886
Upland,CA,1982,34.116073,-117.659922
Upland,CA,1980,34.116073,-117.659922
Urbana,IL,1988,40.110126,-88.197323
Uvalde,TX,1982,29.215184,-99.777215
Vacaville,CA,1984,38.357372,-121.969452
Valdosta,GA,1986,30.850126,-83.278833
Valdosta,GA,1984,30.850126,-83.278833
Valencia,CA,1986,,
Vallejo,CA,1980,38.107921,-122.263964
Van Nuys,CA,1989,,
Van Nuys,CA,1990,,
Vancouver,WA,1988,45.634918,-122.595734
Venice,CA,1980,,
Ventura,CA,1980,,
Vermilion,OH,1987,41.408005,-82.317254
Vernal,UT,1982,40.451704,-109.537960
Victoria,TX,1987,28.826891,-96.985409
Victorville,CA,1983,34.527735,-117.353579
Vincennes,IN,1984,38.676101,-87.511119
Vineland,NJ,1985,39.465007,-74.997115
Vineland,NJ,1991,39.465007,-74.997115
Virginia Beach,VA,1983,36.779322,-76.024021
Virginia Beach,VA,1989,36.779322,-76.024021
Virginia Beach,VA,1985,36.779322,-76.024021
Virginia Beach,VA,1990,36.779322,-76.024021
Visalia,CA,1981,36.326920,-119.328906
Visalia,CA,1982,36.326920,-119.328906
Visalia,CA,1988,36.326920,-119.328906
Visalia,CA,1986,36.326920,-119.328906
Visalia,CA,1984,36.326920,-119.328906
Voorhees,NJ,1984,40.482176,-74.492506
Waco,TX,1989,31.560111,-97.186027
Wailuku,HI,1983,20.885467,-156.503627
Wailuku,HI,1980,20.885467,-156.503627
Walker,LA,1987,30.482821,-90.866884
Walla Walla,WA,1985,46.068189,-118.336438
Walnut Creek,CA,1983,37.902666,-122.040479
Walnut Creek,CA,1988,37.902666,-122.040479
Walnut Creek,CA,1986,37.902666,-122.040479
Walsh,CO,1980,37.386107,-102.279933
Washington,DC,1988,38.904103,-77.017229
Washington,DC,1985,38.904103,-77.017229
Washington,DC,1986,38.904103,-77.017229
Washington,DC,1980,38.904103,-77.017229
Washington,DC,1989,38.904103,-77.017229
Washington,DC,1990,38.904103,-77.017229
Washington,DC,1985,38.904103,-77.017229
Washington,NC,1984,35.557979,-77.054238
Washington Court House,OH,1990,39.538860,-83.427938
Watertown,NY,1989,43.973292,-75.910039
West Babylon,NY,1984,40.710855,-73.358402
West Bend,WI,1983,43.418800,-88.182978
West Chester,PA,1988,39.959883,-75.605422
West Chester,PA,1986,39.959883,-75.605422
West Covina,CA,1986,34.055941,-117.909937
West Covina,CA,1983,34.055941,-117.909937
West Covina,CA,1984,34.055941,-117.909937
West Covina,CA,1983,34.055941,-117.909937
West Covina,CA,1984,34.055941,-117.909937
West Hills,CA,1990,,
West Hills,CA,1980,,
West Hills,CA,1988,,
West Hills,CA,1989,,
West Hills,CA,1986,,
West Hills,CA,1988,,
West Islip,NY,1990,40.709943,-73.296085
West Monroe,NY,1991,,
West Palm Beach,FL,1991,26.746362,-80.125060
West Palm Beach,FL,1984,26.746362,-80.125060
West Palm Beach,FL,1985,26.746362,-80.125060
West Palm Beach,FL,1991,26.746362,-80.125060
West Palm Beach,FL,1980,26.746362,-80.125060
Westerville,OH,1987,40.123435,-82.913324
Westminster,SC,1981,34.666556,-83.090658
Westwood,NJ,1984,40.989032,-74.031872
Westwood,NJ,1989,40.989032,-74.031872
Wheat Ridge,CO,1985,39.772675,-105.104801
Wheaton,IL,1986,41.856134,-88.107453
Wheeling,WV,1981,40.073753,-80.696027
Whittier,CA,1987,33.966827,-118.020122
Wichita,KS,1988,37.690694,-97.342678
Wichita,KS,1989,37.690694,-97.342678
Wichita Falls,TX,1987,33.906653,-98.525853
Wichita Falls,TX,1987,33.906653,-98.525853
Wichita Falls,TX,1986,33.906653,-98.525853
Wichita Falls,TX,1983,33.906653,-98.525853
Willingboro,NJ,1986,,
Wilmington,DE,1983,39.735651,-75.532104
Wilmington,DE,1987,39.735651,-75.532104
Wilmington,IL,1986,39.480683,-90.486766
Wilmington,IL,1986,41.317061,-88.143592
Wilson,NC,1980,35.738060,-77.933946
Windermere,FL,1988,28.501582,-81.535159
Winfield,IL,1986,41.877442,-88.151096
Winfield,IL,1987,41.877442,-88.151096
Winston-Salem,NC,1988,36.102684,-80.261027
Winston-Salem,NC,1989,36.102684,-80.261027
Winston-Salem,NC,1987,36.102684,-80.261027
Winter Garden,FL,1988,28.542076,-81.597043
Winter Haven,FL,1985,28.045835,-81.732742
Winter Haven,FL,1989,28.045835,-81.732742
Winter Springs,FL,1992,28.688065,-81.269962
Wolf Point,MT,1984,48.093051,-105.641398
Woodbury,NJ,1981,39.837906,-75.151530
Woodland,CA,1983,38.671168,-121.750038
Woodland,CA,1991,38.671168,-121.750038
Woodland Hills,CA,1991,,
Woonsocket,RI,1981,42.001706,-71.499949
Worcester,MA,1989,42.269478,-71.807783
Worcester,MA,1987,42.269478,-71.807783
Worcester,MA,1982,42.269478,-71.807783
Worcester,MA,1988,42.269478,-71.807783
Wright Patterson AFB,OH,1984,,
Wyandotte,MI,1986,42.210674,-83.157208
Wymore,NE,1987,40.121819,-96.664159
Yoakum,TX,1982,29.293204,-97.147010
Yonkers,NY,1990,40.945862,-73.867446
Yonkers,NY,1990,40.945862,-73.867446
Yucaipa,CA,1991,34.033513,-117.042620
Yucaipa,CA,1989,34.033513,-117.042620
Zephyrhills,FL,1987,28.239815,-82.178549